school,region,method,old_lat,old_lon,new_lat,new_lon
DABOYA COMM. DAY SCHOOL,SAVANNAH,TOWN_LOOKUP:DABOYA,7.2045812,-2.591577,9.35,-1.35
KANJAGA COMM. SENIOR HIGH SCHOOL,UPPER EAST,TOWN_LOOKUP:KANJAGA,7.993766,-0.326021,10.85,-0.35
FUMBISI SENIOR HIGH SCHOOL,UPPER EAST,TOWN_LOOKUP:FUMBISI,9.3815355,-0.8511432,10.32,-0.72
TOLON SENIOR HIGH SCHOOL,NORTHERN,TOWN_LOOKUP:TOLON,5.9668857,-0.9929572,9.4333,-1.1
KANTON SENIOR HIGH SCHOOL,UPPER WEST,TOWN_LOOKUP:TUMU,10.8752,-1.9868,10.12,-1.95
BUIPE SENIOR HIGH SCHOOL,SAVANNAH,TOWN_LOOKUP:BUIPE,7.3366184,-2.304839,8.75,-1.55
BUIPE TECH/VOC INST.,SAVANNAH,TOWN_LOOKUP:BUIPE,,,8.75,-1.55
BOLGATANGA SENIOR HIGH SCHOOL,UPPER EAST,TOWN_LOOKUP:BOLGATANGA,10.6593164,-1.268658,10.7833,-0.85
BONGO SENIOR HIGH SCHOOL,UPPER EAST,TOWN_LOOKUP:BONGO,5.9668857,-0.9929572,10.9525,-0.5054
NALERIGU SENIOR HIGH SCHOOL,NORTH EAST,TOWN_LOOKUP:NALERIGU,10.5309756,-0.3728539,10.5167,-0.3667
SAVELUGU SENIOR HIGH SCHOOL,NORTHERN,TOWN_LOOKUP:SAVELUGU,5.9926294,0.8187733,9.6333,-0.8333
ENYAN-ABAASA TECHNICAL INSTITUTE,CENTRAL,TOWN_LOOKUP:ENYAN-ABAASA,9.4299903,-0.8669195,5.35,-0.65
YAGABA SENIOR HIGH SCHOOL,NORTH EAST,TOWN_LOOKUP:YAGABA,10.6593164,-1.268658,10.2833,-0.5167
AMANKWAKROM FISHERIES AGRIC. TECH. INST.,EASTERN,TOWN_LOOKUP:AMANKWAKROM,,,7.05,-0.2333
DONKORKROM AGRIC SENIOR HIGH SCHOOL,EASTERN,TOWN_LOOKUP:DONKORKROM,10.9014082,-0.9013563,7.0833,-0.2833
MEM-CHEMFRE COMM. SENIOR HIGH SCHOOL,EASTERN,TOWN_LOOKUP:MEM-CHEMFRE,7.2316721,-2.1751937,6.1,-0.35
CHEREPONI SENIOR HIGH/TECH SCHOOL,NORTH EAST,TOWN_LOOKUP:CHEREPONI,5.5950893,-0.277005,10.4167,-0.1
KAJAJI SENIOR HIGH SCHOOL,BONO EAST,TOWN_LOOKUP:KAJAJI,5.8771706,0.3662603,7.8,-0.35
NAKPANDURI SENIOR HIGH SCHOOL,NORTH EAST,TOWN_LOOKUP:NAKPANDURI,5.5950893,-0.277005,10.6,0.0167
SAKOGU SENIOR HIGH/TECH SCHOOL,NORTH EAST,TOWN_LOOKUP:SAKOGU,10.0272463,-0.9731496,10.1667,-0.25
WULUGU SENIOR HIGH SCHOOL,NORTH EAST,TOWN_LOOKUP:WULUGU,10.6593164,-1.268658,10.2167,-0.5833
WALEWALETECH/ VOC INST.,NORTH EAST,TOWN_LOOKUP:WALEWALE,,,10.35,-0.55
GAMBAGA GIRLS SENIOR HIGH SCHOOL,NORTH EAST,TOWN_LOOKUP:GAMBAGA,7.190168,0.337969,10.5167,-0.4333
LANGBINSI SENIOR HIGH TECHNICAL SCHOOL,NORTH EAST,TOWN_LOOKUP:LANGBINSI,5.3379361,-1.9707293,10.25,-0.4833
TUMU SENIOR HIGH/TECH SCHOOL,UPPER WEST,TOWN_LOOKUP:TUMU,6.6556435,-1.1071968,10.12,-1.95
NANDOM SENIOR HIGH SCHOOL,UPPER WEST,TOWN_LOOKUP:NANDOM,5.8771706,0.3662603,10.75,-2.75
"T. I. AHMADIYYA GIRL'S SENIOR HIGH SCHOOL, ASOKORE",ASHANTI,TOWN_LOOKUP:ASOKORE,,,6.6833,-1.5333
"T. I. AHMADIYYA SENIOR HIGH SCHOOL, WA",UPPER WEST,TOWN_LOOKUP:WA,9.4064815,-0.8770518,10.0601,-2.5099
JAMIAT AL-HIDAYA ISLAMIC GIRLS SENIOR HIGH SCHOOL,UPPER WEST,TOWN_LOOKUP:WA,9.3743188,-0.8407925,10.0601,-2.5099
WA SENIOR HIGH SCHOOL,UPPER WEST,TOWN_LOOKUP:WA,10.6593164,-1.268658,10.0601,-2.5099
WA SENIOR HIGH/TECH SCHOOL,UPPER WEST,TOWN_LOOKUP:WA,10.6593164,-1.268658,10.0601,-2.5099
WA TECH. INST.,UPPER WEST,TOWN_LOOKUP:WA,10.0394737,-2.5040223,10.0601,-2.5099
KALEO SENIOR HIGH/TECH SCHOOL,UPPER WEST,TOWN_LOOKUP:KALEO,9.4226781,-0.8620235,10.25,-2.45
"QUEEN OF PEACE SENIOR HIGH SCHOOL, NADOWLI",UPPER WEST,TOWN_LOOKUP:NADOWLI,,,10.35,-2.65
"ISLAMIC SENIOR HIGH SCHOOL, WA",UPPER WEST,TOWN_LOOKUP:WA,9.3815355,-0.8511432,10.0601,-2.5099
AKWATIA TECH. INST.,EASTERN,TOWN_LOOKUP:AKWATIA,6.0310013,-0.8051658,5.9833,-0.8
ST.JOHN'S VOC. TECH. INSTITUTE,UPPER WEST,TOWN_LOOKUP:NANDOM,,,10.75,-2.75
ST. BASILIDES VOC./TECH. INST.,UPPER WEST,TOWN_LOOKUP:KALEO,,,10.25,-2.45
SANKOR COMM. DAY SENIOR HIGH SCHOOL,WESTERN,TOWN_LOOKUP:SANKOR,7.993766,-0.326021,5.35,-2.35
PRESTEA SENIOR HIGH/TECH SCHOOL,WESTERN,TOWN_LOOKUP:PRESTEA,6.6556435,-1.1071968,5.4333,-2.1333
SOGAKOPE SENIOR HIGH SCHOOL,VOLTA,TOWN_LOOKUP:SOGAKOPE,5.9668857,-0.9929572,6.05,0.6
SEFWI BEKWAI SENIOR HIGH SCHOOL,WESTERN NORTH,TOWN_LOOKUP:SEFWI BEKWAI,10.6593164,-1.268658,6.2,-2.3333
BRAKWA SENIOR HIGH/TECH SCHOOL,CENTRAL,TOWN_LOOKUP:BRAKWA,10.0272463,-0.9731496,5.45,-0.85
"ST. MARTIN'S SENIOR HIGH SCHOOL, NSAWAM",EASTERN,TOWN_LOOKUP:NSAWAM,7.3449525,-2.3439664,5.8,-0.35
AKONTOMBRA SENIOR HIGH SCHOOL,WESTERN NORTH,TOWN_LOOKUP:AKONTOMBRA,5.9926294,0.8187733,6.05,-2.85
LAWRA SENIOR HIGH SCHOOL,UPPER WEST,TOWN_LOOKUP:LAWRA,5.8771706,0.3662603,10.65,-2.85
BIRIFOH SENIOR HIGH SCHOOL,UPPER WEST,TOWN_LOOKUP:LAWRA,9.4273607,-0.8767444,10.65,-2.85
MAAME KROBO COMM. SENIOR HIGH SCHOOL,EASTERN,TOWN_LOOKUP:MAAME KROBO,5.4234565,-0.9611574,6.05,-0.4
GARU COMM. DAY SENIOR HIGH SCHOOL,UPPER EAST,TOWN_LOOKUP:GARU,5.9668857,-0.9929572,10.85,-0.22
FUNSI SENIOR HIGH SCHOOL,UPPER WEST,TOWN_LOOKUP:FUNSI,6.6903393,-1.5480316,10.45,-1.8
WIAGA COMM. SENIOR HIGH SCHOOL,UPPER EAST,TOWN_LOOKUP:WIAGA,10.6593164,-1.268658,10.68,-0.88
SANDEMA SENIOR HIGH SCHOOL,UPPER EAST,TOWN_LOOKUP:SANDEMA,5.8771706,0.3662603,10.7333,-1.2833
DAMONGO SENIOR HIGH SCHOOL,SAVANNAH,TOWN_LOOKUP:DAMONGO,5.9668857,-0.9929572,9.0833,-1.8167
NDEWURA JAKPA SENIOR HIGH/TECH SCHOOL,SAVANNAH,TOWN_LOOKUP:DAMONGO,10.0272463,-0.9731496,9.0833,-1.8167
AKPAFU SENIOR HIGH/TECH SCHOOL,VOLTA,TOWN_LOOKUP:AKPAFU,10.0272463,-0.9731496,6.85,0.35
TEMPANE SENIOR HIGH SCHOOL,UPPER EAST,TOWN_LOOKUP:TEMPANE,5.5950893,-0.277005,10.38,-0.32
KUMBUNGU SENIOR HIGH SCHOOL,NORTHERN,TOWN_LOOKUP:KUMBUNGU,6.6903393,-1.5480316,9.55,-1.15
MAFI-KUMASI SENIOR HIGH/TECH SCHOOL,VOLTA,TOWN_LOOKUP:MAFI-KUMASI,7.142572,-1.6406402,6.35,0.75
BOLE SENIOR HIGH SCHOOL,SAVANNAH,TOWN_LOOKUP:BOLE,5.9668857,-0.9929572,9.0333,-2.75
ULLO SENIOR HIGH SCHOOL,UPPER WEST,TOWN_LOOKUP:ULLO,5.9668857,-0.9929572,10.25,-2.2
HAN SENIOR HIGH SCHOOL,UPPER WEST,TOWN_LOOKUP:JIRAPA,5.5950893,-0.277005,10.55,-2.7
"ST. FRANCIS GIRLS SENIOR HIGH SCHOOL, JIRAPA",UPPER WEST,TOWN_LOOKUP:JIRAPA,6.319177,-2.250302,10.55,-2.7
NEW EDUBIASE SENIOR HIGH SCHOOL,ASHANTI,TOWN_LOOKUP:NEW EDUBIASE,10.6593164,-1.268658,6.1833,-1.5833
MIRIGU COMMUNITY DAY SENIOR HIGH SCHOOL,UPPER EAST,TOWN_LOOKUP:MIRIGU,5.314022,-1.00919,10.88,-1.02
GAMBIGO COMM. DAY SENIOR HIGH SCHOOL,UPPER EAST,TOWN_LOOKUP:GAMBIGO,6.8901817,-1.2489599,10.85,-0.82
BAWKU SENIOR HIGH/TECH SCHOOL,UPPER EAST,TOWN_LOOKUP:BAWKU,5.5950893,-0.277005,11.0667,-0.2333
MAMPONG/AKW SENIOR HIGH/TECH SCHOOL FOR THE DEAF,EASTERN,TOWN_LOOKUP:MAMPONG,,,7.0667,-1.4
NOTRE DAME SEM/ SENIOR HIGH SCHOOL NAVRONGO,UPPER EAST,TOWN_LOOKUP:NAVRONGO,,,10.8833,-1.0833
AWE SENIOR HIGH/TECH SCHOOL,UPPER EAST,TOWN_LOOKUP:NAVRONGO,10.0272463,-0.9731496,10.8833,-1.0833
CHIANA SENIOR HIGH SCHOOL,UPPER EAST,TOWN_LOOKUP:CHIANA,10.6593164,-1.268658,10.65,-1.05
ST. BERNADETTES TECH/VOC. INST.,UPPER EAST,TOWN_LOOKUP:NAVRONGO,,,10.8833,-1.0833
O.L.L. GIRLS SENIOR HIGH SCHOOL,UPPER EAST,TOWN_LOOKUP:NAVRONGO,7.190168,0.337969,10.8833,-1.0833
SIRIGU INTEGRATED SENIOR HIGH SCHOOL,UPPER EAST,TOWN_LOOKUP:SIRIGU,5.0317548,-1.6628839,10.96,-1.08
PAGA SENIOR HIGH SCHOOL,UPPER EAST,TOWN_LOOKUP:PAGA,10.6593164,-1.268658,10.99,-1.11
NABANGO SENIOR HIGH SCHOOL,UPPER EAST,TOWN_LOOKUP:NABANGO,5.8771706,0.3662603,10.75,-0.95
BAWKU SENIOR HIGH SCHOOL,UPPER EAST,TOWN_LOOKUP:BAWKU,5.5950893,-0.277005,11.0667,-0.2333
SAWLA SENIOR HIGH SCHOOL,SAVANNAH,TOWN_LOOKUP:SAWLA,5.8771706,0.3662603,9.05,-2.5
WAPULI COMM. SENIOR HIGH SCHOOL,NORTHERN,TOWN_LOOKUP:WAPULI,5.7065864,-0.1702485,9.55,-0.35
SABOBA E.P. SENIOR HIGH SCHOOL,NORTHERN,TOWN_LOOKUP:SABOBA,5.9668857,-0.9929572,9.7,-0.55
AXIM GIRLS SENIOR HIGH SCHOOL,WESTERN,TOWN_LOOKUP:AXIM,7.190168,0.337969,4.87,-2.24
MEPE ST. KIZITO SENIOR HIGH/TECH SCHOOL,VOLTA,TOWN_LOOKUP:MEPE,6.6556435,-1.1071968,6.25,0.45
ZEBILLA SENIOR HIGH/TECH SCHOOL,UPPER EAST,TOWN_LOOKUP:ZEBILLA,5.7065864,-0.1702485,10.85,-0.28
KUSANABA SENIOR HIGH SCHOOL,UPPER EAST,TOWN_LOOKUP:KUSANABA,6.6903393,-1.5480316,10.82,-0.7
DAGBON STATE SENIOR HIGH/TECH SCHOOL,NORTHERN,TOWN_LOOKUP:YENDI,5.0317548,-1.6628839,9.4427,-0.0072
GUSHEGU SENIOR HIGH SCHOOL,NORTHERN,TOWN_LOOKUP:GUSHEGU,6.6903393,-1.5480316,9.9333,-0.2167
DABOKPA VOC/TECH. INST.,NORTHERN,TOWN_LOOKUP:TAMALE,,,9.4007,-0.8393
"PRESBY SENIOR HIGH SCHOOL, TAMALE",NORTHERN,TOWN_LOOKUP:TAMALE,6.3325025,-0.4784514,9.4007,-0.8393
TAMALE TECHNICAL INSTITUTE,NORTHERN,TOWN_LOOKUP:TAMALE,9.4299903,-0.8669195,9.4007,-0.8393
"GHANA SENIOR HIGH SCHOOL, TAMALE",NORTHERN,TOWN_LOOKUP:TAMALE,5.8771706,0.3662603,9.4007,-0.8393
"BUSINESS SENIOR HIGH SCHOOL, TAMALE",NORTHERN,TOWN_LOOKUP:TAMALE,7.3366184,-2.304839,9.4007,-0.8393
ANBARIYA SENIOR HIGH SCHOOL,NORTHERN,TOWN_LOOKUP:TAMALE,5.8771706,0.3662603,9.4007,-0.8393
TAMALE SENIOR HIGH SCHOOL,NORTHERN,TOWN_LOOKUP:TAMALE,9.4226781,-0.8620235,9.4007,-0.8393
"ST. CHARLES SENIOR HIGH SCHOOL, TAMALE",NORTHERN,TOWN_LOOKUP:TAMALE,7.2316721,-2.1751937,9.4007,-0.8393
TAMALE GIRLS SENIOR HIGH SCHOOL,NORTHERN,TOWN_LOOKUP:TAMALE,9.4226781,-0.8620235,9.4007,-0.8393
VITTING SENIOR HIGH/TECH.,NORTHERN,TOWN_LOOKUP:TAMALE,,,9.4007,-0.8393
ZUARUNGU SENIOR HIGH SCHOOL,UPPER EAST,TOWN_LOOKUP:ZUARUNGU,5.5950893,-0.277005,10.84,-0.79
VAKPO SENIOR HIGH SCHOOL,VOLTA,TOWN_LOOKUP:VAKPO,5.4234565,-0.9611574,6.9833,0.3
VAKPO SENIOR HIGH/TECH SCHOOL,VOLTA,TOWN_LOOKUP:VAKPO,10.9324723,-0.9735882,6.9833,0.3
ANFOEGA SENIOR HIGH SCHOOL,VOLTA,TOWN_LOOKUP:ANFOEGA,10.6593164,-1.268658,6.85,0.3
DADIESO SENIOR HIGH SCHOOL,WESTERN NORTH,TOWN_LOOKUP:DADIESO,5.9668857,-0.9929572,6.05,-2.85
DABOASE SENIOR HIGH/TECH SCHOOL,WESTERN,TOWN_LOOKUP:DABOASE,6.8901817,-1.2489599,5.35,-2.35
MPOHOR SENIOR HIGH SCHOOL,WESTERN,TOWN_LOOKUP:MPOHOR,10.9014082,-0.9013563,5.15,-2.35
"ST. AUGUSTINE'S SENIOR HIGH SCHOOL, BOGOSO",WESTERN,TOWN_LOOKUP:BOGOSO,7.3366184,-2.304839,5.5333,-2.0
KWAME DANSO SENIOR HIGH/TECH SCHOOL,BONO EAST,TOWN_LOOKUP:KWAME DANSO,10.9324723,-0.9735882,7.75,-1.2
BUSUNYA SENIOR HIGH SCHOOL,BONO EAST,TOWN_LOOKUP:BUSUNYA,7.3366184,-2.304839,7.8,-1.4
ASUKAWKAW SENIOR HIGH SCHOOL,OTI,TOWN_LOOKUP:ASUKAWKAW,5.4234565,-0.9611574,7.75,0.05
OKUAPEMAN SENIOR HIGH SCHOOL,EASTERN,TOWN_LOOKUP:AKROPONG,5.5950893,-0.277005,6.65,-1.5833
NKRANKWANTA COMM SENIOR HIGH SCHOOL,BONO,TOWN_LOOKUP:NKRANKWANTA,10.8086801,-0.8656292,7.75,-2.85
KYABOBO GIRLS SENIOR HIGH SCHOOL,OTI,TOWN_LOOKUP:NKWANTA,7.190168,0.337969,8.25,0.35
KPASSA SENIOR HIGH/TECH SCHOOL,OTI,TOWN_LOOKUP:KPASSA,10.0272463,-0.9731496,8.35,0.35
NKWANTA SENIOR HIGH SCHOOL,OTI,TOWN_LOOKUP:NKWANTA,10.6593164,-1.268658,8.25,0.35
NKWANTA COMM SENIOR HIGH SCHOOL,OTI,TOWN_LOOKUP:NKWANTA,10.6593164,-1.268658,8.25,0.35
BREMAN ASIKUMA SENIOR HIGH SCHOOL,CENTRAL,TOWN_LOOKUP:BREMAN ASIKUMA,5.5950893,-0.277005,5.35,-0.95
OKADJAKROM SENIOR HIGH/TECH SCHOOL,OTI,TOWN_LOOKUP:OKADJAKROM,5.4234565,-0.9611574,7.75,0.05
BAGLO RIDGE SENIOR HIGH/TECH SCHOOL,OTI,TOWN_LOOKUP:BAGLO,10.9324723,-0.9735882,8.25,0.35
BIBIANI SENIOR HIGH/TECH SCHOOL,WESTERN NORTH,TOWN_LOOKUP:BIBIANI,10.9324723,-0.9735882,6.4667,-2.3167
CHIRANO COMM. DAY SENIOR HIGH SCHOOL,WESTERN NORTH,TOWN_LOOKUP:CHIRANO,5.9668857,-0.9929572,6.05,-2.45
SEFWI-WIAWSO SENIOR HIGH SCHOOL,WESTERN NORTH,TOWN_LOOKUP:SEFWI-WIAWSO,10.6593164,-1.268658,6.2,-2.5
NEW NSUTAM SENIOR HIGH/TECH SCHOOL,EASTERN,TOWN_LOOKUP:NEW NSUTAM,5.102919,-1.3921394,6.45,-1.35
WORAWORA SENIOR HIGH SCHOOL,OTI,TOWN_LOOKUP:WORAWORA,10.9014082,-0.9013563,7.95,0.35
BOWIRI COMM. DAY SCHOOL,OTI,TOWN_LOOKUP:BOWIRI,7.308312,0.3196626,7.95,0.35
FOMENA T.I. AHMAD SENIOR HIGH SCHOOL,ASHANTI,TOWN_LOOKUP:FOMENA,5.5009936,-0.7618399,6.2667,-1.4833
HWIDIEM SENIOR HIGH SCHOOL,AHAFO,TOWN_LOOKUP:HWIDIEM,5.7065864,-0.1702485,7.0667,-2.6833
ACHERENSUA SENIOR HIGH SCHOOL,AHAFO,TOWN_LOOKUP:ACHERENSUA,5.8771706,0.3662603,7.25,-2.3
YEJI SENIOR HIGH/TECH SCHOOL,BONO EAST,TOWN_LOOKUP:YEJI,10.0272463,-0.9731496,8.1,-0.6333
BODI SENIOR HIGH SCHOOL,WESTERN NORTH,TOWN_LOOKUP:BODI,5.9668857,-0.9929572,6.05,-2.85
PEKI SENIOR HIGH/TECHNICAL SCHOOL,VOLTA,TOWN_LOOKUP:PEKI,6.6556435,-1.1071968,6.5407,0.2333
PEKI SENIOR HIGH SCHOOL,VOLTA,TOWN_LOOKUP:PEKI,5.5950893,-0.277005,6.5407,0.2333
KPANDAI SENIOR HIGH SCHOOL,NORTHERN,TOWN_LOOKUP:KPANDAI,5.8771706,0.3662603,8.4753,-0.0283
WAMANAFO SENIOR HIGH/TECH SCHOOL,BONO,TOWN_LOOKUP:WAMANAFO,10.0272463,-0.9731496,7.6,-2.4
KINTAMPO SENIOR HIGH SCHOOL,BONO EAST,TOWN_LOOKUP:KINTAMPO,6.6903393,-1.5480316,8.061,-1.7233
GYARKO COMM. DAY SENIOR HIGH SCHOOL,BONO EAST,SCHOOL_OVERRIDE,5.9668857,-0.9929572,7.8,-1.4
KWABRE SENIOR HIGH SCHOOL,BONO EAST,SCHOOL_OVERRIDE,10.6593164,-1.268658,7.8,-1.4
NEW LONGORO COMM SENIOR HIGH SCHOOL (DEGA),BONO EAST,SCHOOL_OVERRIDE,,,8.0,-2.45
KESSE BASAHYIA SENIOR HIGH SCHOOL,BONO EAST,SCHOOL_OVERRIDE,5.8771706,0.3662603,7.6833,-0.8
"OUR LADY OF MOUNT CARMEL GIRLS SENIOR HIGH SCHOOL, TECHIMAN",BONO EAST,TOWN_LOOKUP:TECHIMAN,7.5580494,-1.937679,7.5833,-1.9333
YEBOAH ASUAMAH SENIOR HIGH SCHOOL,BONO EAST,SCHOOL_OVERRIDE,5.5009936,-0.7618399,7.95,-1.3
TECHIMAN SENIOR HIGH SCHOOL,BONO EAST,SCHOOL_OVERRIDE,7.2316721,-2.1751937,7.5833,-1.9333
NEW KROKOMPE COMM. SENIOR HIGH SCHOOL,BONO EAST,SCHOOL_OVERRIDE,6.8901817,-1.2489599,7.5667,-1.2833
ATEBUBU SENIOR HIGH SCHOOL,BONO EAST,SCHOOL_OVERRIDE,5.9668857,-0.9929572,7.75,-0.9833
AMANTEN SENIOR HIGH SCHOOL,BONO EAST,SCHOOL_OVERRIDE,9.4226781,-0.8620235,8.1667,-1.1833
KWARTENG ANKOMAH SENIOR HIGH SCHOOL,BONO EAST,SCHOOL_OVERRIDE,7.4635891,-1.9709609,7.4636,-1.971
DODI-PAPASE SENIOR HIGH/TECH SCHOOL,OTI,SCHOOL_OVERRIDE,6.8901817,-1.2489599,7.9,0.2
KADJEBI-ASATO SENIOR HIGH SCHOOL,OTI,SCHOOL_OVERRIDE,5.8771706,0.3662603,7.5167,0.4667
AHAMANSU ISLAMIC SENIOR HIGH SCHOOL,OTI,SCHOOL_OVERRIDE,9.3743188,-0.8407925,7.9,-0.2
"OLA GIRLS SENIOR HIGH SCHOOL, KENYASI",AHAFO,SCHOOL_OVERRIDE,7.190168,0.337969,6.8833,-2.7833
GYAMFI KUMANINI SENIOR HIGH/TECH SCHOOL,AHAFO,SCHOOL_OVERRIDE,7.142572,-1.6406402,7.1833,-2.5167
JIM BOURTON MEM AGRIC. SENIOR HIGH SCHOOL,VOLTA,SCHOOL_OVERRIDE,6.8901817,-1.2489599,6.5833,0.35
BISEASE SENIOR HIGH/COMM. SCHOOL,CENTRAL,SCHOOL_OVERRIDE,7.3366184,-2.304839,5.5833,-1.1
LEKLEBI SENIOR HIGH SCHOOL,VOLTA,SCHOOL_OVERRIDE,9.4226781,-0.8620235,7.2167,0.5167
JEMA SENIOR HIGH SCHOOL,BONO EAST,SCHOOL_OVERRIDE,5.4234565,-0.9611574,7.6167,-1.55
BANKOMAN SENIOR HIGH SCHOOL,ASHANTI,SCHOOL_OVERRIDE,5.5950893,-0.277005,5.85,-0.9167
DADEASE AGRIC SENIOR HIGH SCHOOL,ASHANTI,SCHOOL_OVERRIDE,5.8771706,0.3662603,6.5833,-1.0167
ATWEAMAN SENIOR HIGH SCHOOL,EASTERN,SCHOOL_OVERRIDE,9.4226781,-0.8620235,6.7333,-0.4167
NEW ABIREM/AFOSU SENIOR HIGH SCHOOL,EASTERN,SCHOOL_OVERRIDE,10.6593164,-1.268658,6.4,-0.7
NKENKANSU COMMUNITY SENIOR HIGH SCHOOL,ASHANTI,SCHOOL_OVERRIDE,7.993766,-0.326021,7.05,-1.5
WIAFE AKENTEN PRESBY SENIOR HIGH SCHOOL,ASHANTI,SCHOOL_OVERRIDE,9.3953646,-0.8216087,7.0833,-1.55
ASUOSO COMM. SENIOR HIGH SCHOOL,ASHANTI,SCHOOL_OVERRIDE,7.993766,-0.326021,7.05,-1.6
AKUMADAN SENIOR HIGH SCHOOL,ASHANTI,TOWN_LOOKUP:AKUMADAN,5.8771706,0.3662603,7.45,-1.7833
OTI BOATENG SENIOR HIGH SCHOOL,EASTERN,SCHOOL_OVERRIDE,10.6593164,-1.268658,6.4,-0.7
ATTAFUAH SENIOR HIGH/TECH SCHOOL,EASTERN,SCHOOL_OVERRIDE,10.0272463,-0.9731496,6.0833,-0.55
"ST. FRANCIS SENIOR HIGH/TECH SCHOOL, AKIM ODA",EASTERN,TOWN_LOOKUP:AKIM ODA,,,5.9167,-0.9833
ST. THOMAS SENIOR HIGH/TECH SCHOOL,EASTERN,TOWN_LOOKUP:ASAMANKESE,6.6556435,-1.1071968,5.8667,-0.6583
ASAMANKESE SENIOR HIGH SCHOOL,EASTERN,SCHOOL_OVERRIDE,9.4226781,-0.8620235,5.8667,-0.6583
ODA SENIOR HIGH SCHOOL,EASTERN,TOWN_LOOKUP:AKIM ODA,5.9668857,-0.9929572,5.9167,-0.9833
KWABENG ANGLICAN SENIOR HIGH/TECH SCHOOL,EASTERN,SCHOOL_OVERRIDE,7.4635891,-1.9709609,6.4833,-0.8167
"GHANA SENIOR HIGH SCHOOL, KOFORIDUA",EASTERN,TOWN_LOOKUP:KOFORIDUA,6.11494,-0.277781,6.0833,-0.2667
"POPE JOHN SENIOR HIGH & MIN. SEM. SCHOOL, KOFORIDUA",EASTERN,TOWN_LOOKUP:KOFORIDUA,6.11494,-0.277781,6.0833,-0.2667
KOFORIDUA SENIOR HIGH/TECH SCHOOL,EASTERN,TOWN_LOOKUP:KOFORIDUA,5.9668857,-0.9929572,6.0833,-0.2667
"PRESBY SENIOR HIGH SCHOOL, SUHUM",EASTERN,TOWN_LOOKUP:SUHUM,6.3325025,-0.4784514,6.05,-0.45
NEW JUABEN SENIOR HIGH/COMM SCHOOL,EASTERN,SCHOOL_OVERRIDE,5.9926294,0.8187733,6.0833,-0.2667
SUHUM SENIOR HIGH/TECH SCHOOL,EASTERN,TOWN_LOOKUP:SUHUM,6.6556435,-1.1071968,6.05,-0.45
"ISLAMIC GIRLS SENIOR HIGH SCHOOL,SUHUM",EASTERN,SCHOOL_OVERRIDE,9.3815355,-0.8511432,6.05,-0.45
KWAHU RIDGE SENIOR HIGH SCHOOL,EASTERN,SCHOOL_OVERRIDE,10.6593164,-1.268658,6.5833,-0.7167
MPRAESO SENIOR HIGH SCHOOL,EASTERN,SCHOOL_OVERRIDE,5.9926294,0.8187733,6.5833,-0.7167
ST. MARY'S VOC./TECH. INST.,EASTERN,TOWN_LOOKUP:ADIEMBRA,7.0592349,-0.0621059,4.9167,-1.8667
ASUOM SENIOR HIGH SCHOOL,EASTERN,SCHOOL_OVERRIDE,5.4234565,-0.9611574,6.2333,-0.8333
"PENTECOST SENIOR HIGH SCHOOL,KOFORIDUA",EASTERN,TOWN_LOOKUP:KOFORIDUA,6.11494,-0.277781,6.0833,-0.2667
KOFORIDUA TECH. INST.,EASTERN,TOWN_LOOKUP:KOFORIDUA,6.1132592,-0.2853714,6.0833,-0.2667
NKAWKAW SENIOR HIGH SCHOOL,EASTERN,TOWN_LOOKUP:NKAWKAW,5.8771706,0.3662603,6.55,-0.7667
"SAVIOUR SENIOR HIGH SCHOOL, OSIEM",EASTERN,SCHOOL_OVERRIDE,5.9926294,0.8187733,6.2167,-0.6333
AKIM ASAFO SENIOR HIGH SCHOOL,EASTERN,SCHOOL_OVERRIDE,10.6593164,-1.268658,6.2333,-0.65
TARKROSI COMM. SENIOR HIGH SCHOOL,EASTERN,TOWN_LOOKUP:TARKROSI,7.993766,-0.326021,6.55,-1.0667
"ST. ROSE'S SENIOR HIGH SCHOOL, AKWATIA",EASTERN,SCHOOL_OVERRIDE,9.389042,-0.8285041,5.9833,-0.8
MPAHA COMMUNITY DAY SENIOR HIGH SCHOOL,SAVANNAH,SCHOOL_OVERRIDE,7.993766,-0.326021,9.0833,-1.8167
ADA TECH. INST.,GREATER ACCRA,SCHOOL_OVERRIDE,5.8622899,0.5959944,5.7975,0.6258
ANUM APAPAM COMM. DAY SENIOR HIGH SCHOOL,EASTERN,SCHOOL_OVERRIDE,5.314022,-1.00919,6.2333,0.1333
LIKPE SENIOR HIGH SCHOOL,VOLTA,SCHOOL_OVERRIDE,9.4226781,-0.8620235,7.1333,0.55
ZIOPE SENIOR HIGH SCHOOL,VOLTA,SCHOOL_OVERRIDE,5.9668857,-0.9929572,6.45,0.4333
ASHIAMAN SENIOR HIGH SCHOOL,GREATER ACCRA,SCHOOL_OVERRIDE,7.142572,-1.6406402,5.6981,0.0314
KLIKOR SENIOR HIGH/TECH SCHOOL,VOLTA,SCHOOL_OVERRIDE,6.6556435,-1.1071968,6.2,1.1
"OLA GIRLS SENIOR HIGH SCHOOL, HO",VOLTA,TOWN_LOOKUP:HO,7.190168,0.337969,6.6,0.4667
VOLTA TECH INST,VOLTA,SCHOOL_OVERRIDE,,,6.6,0.4667
SHIA SENIOR HIGHTECHNICAL SCHOOL,VOLTA,SCHOOL_OVERRIDE,6.6556435,-1.1071968,6.2,1.1
TANYIGBE SENIOR HIGH SCHOOL,VOLTA,SCHOOL_OVERRIDE,9.4226781,-0.8620235,6.75,0.4333
AKATSI SENIOR HIGH/TECH SCHOOL,VOLTA,SCHOOL_OVERRIDE,10.0272463,-0.9731496,6.1333,0.8
ANLO AWOMEFIA SENIOR HIGH SCHOOL,VOLTA,SCHOOL_OVERRIDE,10.6593164,-1.268658,5.9,0.9833
AWUDOME SENIOR HIGH SCHOOL,VOLTA,TOWN_LOOKUP:TSITO,5.8771706,0.3662603,6.4333,0.4833
"MAWULI SCHOOL, HO",VOLTA,TOWN_LOOKUP:HO,6.5959658,0.4753945,6.6,0.4667
ASHIAMAN TECH/VOC. INST.,GREATER ACCRA,SCHOOL_OVERRIDE,,,5.6981,0.0314
TESHIE TECH. INSTITTUTE,GREATER ACCRA,TOWN_LOOKUP:TESHIE,5.6690023,-0.1860096,5.5894,-0.0969
SOKODE SENIOR HIGH/TECH SCHOOL,VOLTA,SCHOOL_OVERRIDE,6.6556435,-1.1071968,6.5167,0.2
VOLTA SENIOR HIGH SCHOOL,VOLTA,SCHOOL_OVERRIDE,5.9668857,-0.9929572,6.6,0.4667
OGYEEDOM COMM SENIOR HIGH/TECH SCHOOL,CENTRAL,SCHOOL_OVERRIDE,6.6556435,-1.1071968,5.4167,-1.0833
JACOBU SENIOR HIGH/TECH. SCHOOL,ASHANTI,SCHOOL_OVERRIDE,10.0272463,-0.9731496,6.3,-1.6167
TWEAPEASE SENIOR HIGH SCHOOL,ASHANTI,SCHOOL_OVERRIDE,5.6486498,-0.0035371,6.4167,-1.2833
ASSIN NORTH SENIOR HIGH/TECH SCHOOL,CENTRAL,SCHOOL_OVERRIDE,5.9926294,0.8187733,5.5833,-0.9833
ASSIN STATE COLLEGE,CENTRAL,SCHOOL_OVERRIDE,5.5868893,-0.2074099,5.55,-1.1667
KWAOBAAH NYANOA COMM. SENIOR HIGH SCHOOL,EASTERN,SCHOOL_OVERRIDE,5.314022,-1.00919,5.8333,-0.35
ADEISO PRESBY SENIOR HIGH SCHOOL,EASTERN,SCHOOL_OVERRIDE,9.3953646,-0.8216087,5.8833,-0.4167
JUABOSO SENIOR HIGH SCHOOL,WESTERN NORTH,SCHOOL_OVERRIDE,5.4234565,-0.9611574,6.3,-2.8333
KPEDZE SENIOR HIGH SCHOOL,VOLTA,SCHOOL_OVERRIDE,5.9668857,-0.9929572,6.9833,0.3
ABUADI/TSREFE SENIOR HIGH SCHOOL,VOLTA,SCHOOL_OVERRIDE,7.3366184,-2.304839,6.7833,0.45
AKOME SENIOR HIGH/TECH SCHOOL,VOLTA,SCHOOL_OVERRIDE,9.4226781,-0.8620235,7.1,0.5333
TSITO SENIOR HIGH/TECH SCHOOL,VOLTA,SCHOOL_OVERRIDE,6.6556435,-1.1071968,6.4333,0.4833
DZOLO SENIOR HIGH SCHOOL,VOLTA,SCHOOL_OVERRIDE,10.9014082,-0.9013563,6.7667,0.45
ABUTIA SENIOR HIGH/TCHNICAL SCHOOL,VOLTA,SCHOOL_OVERRIDE,10.9324723,-0.9735882,6.7833,0.4667
AGOTIME SENIOR HIGH SCHOOL,VOLTA,SCHOOL_OVERRIDE,9.4273607,-0.8767444,6.7833,0.4833
DIASO SENIOR HIGH SCHOOL,CENTRAL,SCHOOL_OVERRIDE,5.594027,-0.2007183,5.8667,-2.05
AYANFURI SENIOR HIGH SCHOOL,CENTRAL,SCHOOL_OVERRIDE,5.8771706,0.3662603,5.7,-1.7167
"ST. JOSEPH SENIOR HIGH SCHOOL, SEFWI WIAWSO",WESTERN NORTH,SCHOOL_OVERRIDE,9.389042,-0.8285041,6.2,-2.5
MIM SENIOR HIGH SCHOOL,AHAFO,SCHOOL_OVERRIDE,9.4273607,-0.8767444,7.1667,-2.8
BOMAA COMM. SENIOR HIGH SCHOOL,AHAFO,SCHOOL_OVERRIDE,7.993766,-0.326021,7.2333,-2.7
BOAKYE TROMO SENIOR HIGH/TECH SCHOOL,AHAFO,SCHOOL_OVERRIDE,7.190168,0.337969,6.8833,-2.75
SERWAA KESSE GIRLS SENIOR HIGH SCHOOL,AHAFO,SCHOOL_OVERRIDE,6.319177,-2.250302,6.85,-2.75
YAMFO ANGLICAN SENIOR HIGH SCHOOL,AHAFO,SCHOOL_OVERRIDE,6.4542149,-1.5701117,7.0,-2.55
FRAFRAHA COMM. SENIOR HIGH SCHOOL,GREATER ACCRA,SCHOOL_OVERRIDE,7.993766,-0.326021,5.7167,-0.15
SAMUEL OTU PRESBY SENIOR HIGH SCHOOL,AHAFO,SCHOOL_OVERRIDE,9.3953646,-0.8216087,7.0,-2.55
DERMA COMM. DAY SENIOR HIGH SCHOOL,AHAFO,SCHOOL_OVERRIDE,5.9668857,-0.9929572,7.1667,-2.2167
AHAFOMAN SENIOR HIGH/TECH SCHOOL,AHAFO,SCHOOL_OVERRIDE,7.142572,-1.6406402,7.1333,-2.5
EFFIDUASE SENIOR HIGH/COM SCHOOL,ASHANTI,TOWN_LOOKUP:EFFIDUASE,6.8901817,-1.2489599,6.65,-1.35
EFFIDUASE SENIOR HIGH/TECH SCHOOL,ASHANTI,SCHOOL_OVERRIDE,5.102919,-1.3921394,6.65,-1.35
TIJJANIYA SENIOR HIGH SCHOOL,ASHANTI,SCHOOL_OVERRIDE,10.6593164,-1.268658,6.6885,-1.6244
KROBEA ASANTE TECH/VOC SCHOOL,ASHANTI,SCHOOL_OVERRIDE,,,6.55,-1.5
SANKORE SENIOR HIGH SCHOOL,AHAFO,SCHOOL_OVERRIDE,5.9926294,0.8187733,7.1833,-2.5167
KUKUOM AGRIC SENIOR HIGH SCHOOL,AHAFO,TOWN_LOOKUP:KUKUOM,5.9668857,-0.9929572,6.95,-2.6833
ST. PAUL'S TECH. SCHOOL,EASTERN,SCHOOL_OVERRIDE,5.1412167,-1.2444936,6.05,-0.5
KETA SENIOR HIGH/TECH SCHOOL,VOLTA,SCHOOL_OVERRIDE,6.6903393,-1.5480316,5.9167,0.9833
ANLO AFIADENYIGBA SENIOR HIGH SCHOOL,VOLTA,SCHOOL_OVERRIDE,10.6593164,-1.268658,5.85,0.9833
KETA BUSINESS SENIOR HIGH SCHOOL,VOLTA,SCHOOL_OVERRIDE,7.3366184,-2.304839,5.9167,0.9833
AGGREY MEM. A.M.E.ZION SENIOR HIGH SCHOOL,CENTRAL,TOWN_LOOKUP:CAPE COAST,5.1363122,-1.2216372,5.105,-1.2467
ATIAVI SENIOR HIGH/TECH SCHOOL,VOLTA,SCHOOL_OVERRIDE,10.0272463,-0.9731496,5.9167,0.9833
ZION SENIOR HIGH SCHOOL,VOLTA,SCHOOL_OVERRIDE,5.9668857,-0.9929572,6.2,0.4667
TSIAME SENIOR HIGH SCHOOL,VOLTA,SCHOOL_OVERRIDE,9.4226781,-0.8620235,6.95,0.35
KWAHU TAFO SENIOR HIGH SCHOOL,EASTERN,SCHOOL_OVERRIDE,5.4234565,-0.9611574,6.6833,-0.7333
NKWATIA PRESBY SENIOR HIGH/COMM SCHOOL,EASTERN,SCHOOL_OVERRIDE,9.3953646,-0.8216087,6.75,-0.75
"ST. PETER'S SENIOR HIGH SCHOOL, NKWATIA",EASTERN,SCHOOL_OVERRIDE,9.394167,-0.829071,6.75,-0.75
ST. JOSEPH'S TECH. INST.,EASTERN,SCHOOL_OVERRIDE,6.653337,-0.6710365,9.4007,-0.8393
ST. JOSEPH'S TECH. INST.,NORTHERN,SCHOOL_OVERRIDE,,,9.4007,-0.8393
OSUDOKU SENIOR HIGH/TECH SCHOOL,GREATER ACCRA,SCHOOL_OVERRIDE,6.6556435,-1.1071968,6.05,0.0833
BIA SENIOR HIGH/TECH SCHOOL,WESTERN NORTH,SCHOOL_OVERRIDE,10.6593164,-1.268658,6.05,-3.0
ADJOAFUA COMM. SENIOR HIGH SCHOOL,WESTERN NORTH,SCHOOL_OVERRIDE,5.8771706,0.3662603,6.35,-2.4
TWENE AMANFO SENIOR HIGH/TECH SCHOOL,BONO,SCHOOL_OVERRIDE,10.9324723,-0.9735882,7.5,-2.4667
"METHODIST SENIOR HIGH/TECH SCHOOL,BIADAN",BONO,SCHOOL_OVERRIDE,4.9046484,-1.7908342,7.5,-2.45
BEREKUM PRESBY SENIOR HIGH SCHOOL,BONO,SCHOOL_OVERRIDE,6.3096027,-0.7248455,7.45,-2.5833
SUNYANI SENIOR HIGH SCHOOL,BONO,SCHOOL_OVERRIDE,5.5950893,-0.277005,7.3384,-2.3279
"S.D.A SENIOR HIGH SCHOOL, SUNYANI",BONO,TOWN_LOOKUP:SUNYANI,7.3449525,-2.3439664,7.3384,-2.3279
ODOMASEMAN SENIOR HIGH SCHOOL,BONO,SCHOOL_OVERRIDE,6.8901817,-1.2489599,7.45,-1.4833
"NOTRE DAME GIRLS SENIOR HIGH SCHOOL, SUNYANI",BONO,TOWN_LOOKUP:SUNYANI,7.3449525,-2.3439664,7.3384,-2.3279
JINIJINI SENIOR HIGH SCHOOL,BONO,SCHOOL_OVERRIDE,5.5950893,-0.277005,7.4,-2.5167
BEREKUM SENIOR HIGH SCHOOL,BONO,SCHOOL_OVERRIDE,6.6903393,-1.5480316,7.45,-2.5833
ISTIQUAAMA SENIOR HIGH SCHOOL,BONO,SCHOOL_OVERRIDE,9.4226781,-0.8620235,7.3384,-2.3279
MANDO SENIOR HIGH/TECH SCHOOL,CENTRAL,SCHOOL_OVERRIDE,10.9324723,-0.9735882,5.105,-1.2467
DON BOSCO VOC./TECH. INST.,BONO,SCHOOL_OVERRIDE,,,7.3384,-2.3279
CHIRAA SENIOR HIGH SCHOOL,BONO,SCHOOL_OVERRIDE,10.6593164,-1.268658,7.45,-2.3667
C.Y.O.VOC. TECH. INST.,VOLTA,SCHOOL_OVERRIDE,,,6.6,0.4667
"ST. JAMES SEM & SENIOR HIGH SCHOOL, ABESIM",BONO,SCHOOL_OVERRIDE,5.15213,-1.2052919,7.3833,-2.3667
KOASE SENIOR HIGH/TECH SCHOOL,BONO,SCHOOL_OVERRIDE,6.6556435,-1.1071968,7.4,-2.3
DORMAA SENIOR HIGH SCHOOL,BONO,TOWN_LOOKUP:DORMAA AHENKRO,5.9668857,-0.9929572,7.3,-2.8667
NKYERAA SENIOR HIGH SCHOOL,BONO,SCHOOL_OVERRIDE,5.8771706,0.3662603,7.5833,-2.3167
MANSEN SENIOR HIGH SCHOOL,BONO,SCHOOL_OVERRIDE,6.8901817,-1.2489599,7.3,-1.35
SUNYANI METHODIST TECHNICAL INST.,BONO,TOWN_LOOKUP:SUNYANI,,,7.3384,-2.3279
NSEIN SENIOR HIGH SCHOOL,WESTERN,SCHOOL_OVERRIDE,6.6903393,-1.5480316,5.0,-2.2833
ANNOR ADJAYE SENIOR HIGH SCHOOL,WESTERN,SCHOOL_OVERRIDE,5.9668857,-0.9929572,4.9167,-1.9833
HALF ASSINI SENIOR HIGH SCHOOL,WESTERN,SCHOOL_OVERRIDE,5.8771706,0.3662603,5.0833,-2.8667
ASANKRANGWA SENIOR HIGH/TECH SCHOOL,WESTERN,SCHOOL_OVERRIDE,10.0272463,-0.9731496,5.55,-2.4167
"ST. MARY'S BOYS' SENIOR HIGH SCHOOL, APOWA",WESTERN,SCHOOL_OVERRIDE,5.15213,-1.2052919,4.9667,-1.8667
BAIDOO BONSOE SENIOR HIGH/TECH SCHOOL,WESTERN,SCHOOL_OVERRIDE,10.9324723,-0.9735882,5.35,-2.35
"METHODIST SENIOR HIGH SCHOOL, SEKONDI",WESTERN,TOWN_LOOKUP:SEKONDI,4.9046484,-1.7908342,4.94,-1.7
HUNI VALLEY SENIOR HIGH SCHOOL,WESTERN,SCHOOL_OVERRIDE,9.4226781,-0.8620235,5.55,-2.0833
SEKONDI COLLEGE,WESTERN,SCHOOL_OVERRIDE,5.5949256,-0.1014806,4.94,-1.7
DIABENE SENIOR HIGH/TECH SCHOOL,WESTERN,SCHOOL_OVERRIDE,10.9324723,-0.9735882,4.9167,-1.9
ADIEMBRA SENIOR HIGH SCHOOL,WESTERN,SCHOOL_OVERRIDE,5.8771706,0.3662603,4.9167,-1.8667
BOMPEH SENIOR HIGH./TECH SCHOOL,WESTERN,SCHOOL_OVERRIDE,6.8901817,-1.2489599,5.3,-2.1333
GHANA SENIOR HIGH/TECH SCHOOL,WESTERN,SCHOOL_OVERRIDE,10.0272463,-0.9731496,4.94,-1.7
FIJAI SENIOR HIGH SCHOOL,WESTERN,SCHOOL_OVERRIDE,9.3815355,-0.8511432,4.9667,-1.7333
PRANG SENIOR HIGH,BONO EAST,SCHOOL_OVERRIDE,5.5950893,-0.277005,8.0833,-0.8333
TAKORADI TECH. INST.,WESTERN,TOWN_LOOKUP:TAKORADI,4.9173467,-1.7672383,4.8972,-1.7606
"ST. JOHN'S SENIOR HIGH SCHOOL, SEKONDI",WESTERN,SCHOOL_OVERRIDE,7.3449525,-2.3439664,4.94,-1.7
ASANKRANGWA SENIOR HIGH SCHOOL,WESTERN,SCHOOL_OVERRIDE,5.5950893,-0.277005,5.55,-2.4167
AMENFIMAN SENIOR HIGH SCHOOL,WESTERN,SCHOOL_OVERRIDE,7.142572,-1.6406402,4.95,-1.9667
ARCHBISHOP PORTER GIRLS SENIOR HIGH SCHOOL,WESTERN,SCHOOL_OVERRIDE,7.190168,0.337969,4.94,-1.7
AFIFE SENIOR HIGH TECH SCHOOL,VOLTA,SCHOOL_OVERRIDE,5.3379361,-1.9707293,5.85,0.9667
DZODZE PENYI SENIOR HIGH SCHOOL,VOLTA,SCHOOL_OVERRIDE,5.9668857,-0.9929572,6.05,1.0833
WOVENU SENIOR HIGH TECHNICAL SCHOOL,VOLTA,SCHOOL_OVERRIDE,5.102919,-1.3921394,5.85,0.9167
WETA SENIOR HIGH/TECH SCHOOL,VOLTA,SCHOOL_OVERRIDE,10.6593164,-1.268658,6.2167,0.95
COMBONI TECH/VOC INST.,VOLTA,SCHOOL_OVERRIDE,,,6.6,0.4667
YILO KROBO SENIOR HIGH/COMM SCHOOL,EASTERN,SCHOOL_OVERRIDE,10.9014082,-0.9013563,6.15,0.1333
ABRAFI SENIOR HIGH SCHOOL,BONO EAST,SCHOOL_OVERRIDE,5.8771706,0.3662603,7.6333,-1.3333
"ST. FRANCIS SEMINARY/SENIOR HIGH SCHOOL, BUOYEM",BONO EAST,SCHOOL_OVERRIDE,,,7.8667,-2.0333
TUOBODOM SENIOR HIGH/TECH SCHOOL,BONO EAST,SCHOOL_OVERRIDE,6.8901817,-1.2489599,7.5,-1.3833
KROBO COMM.SENIOR HIGH SCHOOL,BONO EAST,SCHOOL_OVERRIDE,6.8901817,-1.2489599,7.5667,-1.2833
GUAKRO EFFAH SENIOR HIGH SCHOOL,BONO EAST,SCHOOL_OVERRIDE,5.4234565,-0.9611574,7.6833,-1.1833
ESAASE BONTEFUFUO SNR. HIGH/TECH. SCHOOL,ASHANTI,SCHOOL_OVERRIDE,,,6.6167,-1.15
ASSIN NSUTA SENIOR HIGH SCHOOL,CENTRAL,SCHOOL_OVERRIDE,5.594027,-0.2007183,5.5333,-1.1667
ASSIN MANSO SENIOR HIGH SCHOOL,CENTRAL,TOWN_LOOKUP:ASSIN MANSO,7.142572,-1.6406402,5.5167,-1.2333
BADU SENIOR HIGH/TECH SCHOOL,BONO,SCHOOL_OVERRIDE,5.8771706,0.3662603,7.5667,-2.5167
MENJI SENIOR HIGH SCHOOL,BONO,SCHOOL_OVERRIDE,9.4226781,-0.8620235,8.2833,-2.7833
NKORANMAN SENIOR HIGH SCHOOL,BONO,SCHOOL_OVERRIDE,5.9668857,-0.9929572,7.9167,-2.4167
NSAWKAW STATE SENIOR HIGH SCHOOL,BONO,SCHOOL_OVERRIDE,10.6593164,-1.268658,7.9833,-2.4
NSABA PRESBY SENIOR HIGH SCHOOL,CENTRAL,SCHOOL_OVERRIDE,9.3953646,-0.8216087,5.7167,-0.5667
KWANYAKO SENIOR HIGH SCHOOL,CENTRAL,SCHOOL_OVERRIDE,5.5950893,-0.277005,5.5833,-0.2833
DROBO SENIOR HIGH SCHOOL,BONO,SCHOOL_OVERRIDE,5.9668857,-0.9929572,7.5833,-2.7
OUR LADY OF PROVIDENCE SENIOR HIGH SCHOOL,BONO,SCHOOL_OVERRIDE,5.5110369,-0.4568177,7.5833,-1.9333
ADUMAN SENIOR HIGH SCHOOL,ASHANTI,SCHOOL_OVERRIDE,5.8771706,0.3662603,6.5833,-1.5167
AKWAMUMAN SENIOR HIGH SCHOOL,EASTERN,SCHOOL_OVERRIDE,7.142572,-1.6406402,6.3833,-0.0167
APEGUSO SENIOR HIGH SCHOOL,EASTERN,SCHOOL_OVERRIDE,5.9926294,0.8187733,6.5167,-0.4667
ANUM PRESBY SENIOR HIGH SCHOOL,EASTERN,SCHOOL_OVERRIDE,9.3953646,-0.8216087,6.2333,0.1333
DABALA SENIOR HIGH/TECH.,VOLTA,SCHOOL_OVERRIDE,,,6.0167,0.75
ST. CATHERINE GIRLS SENIOR HIGH SCHOOL,VOLTA,SCHOOL_OVERRIDE,7.5614705,-1.7116618,6.6,0.4667
NKORANZA TECH INST.,BONO EAST,SCHOOL_OVERRIDE,,,7.5583,-1.6917
NKORANZA SENIOR HIGH/TECH SCHOOL,BONO EAST,SCHOOL_OVERRIDE,10.0272463,-0.9731496,7.5583,-1.6917
SHAMA SENIOR HIGH SCHOOL,WESTERN,SCHOOL_OVERRIDE,5.8771706,0.3662603,4.9167,-1.6333
E.P.C. MAWUKO GIRLS SENIOR HIGH SCHOOL,VOLTA,TOWN_LOOKUP:HO,7.190168,0.337969,6.6,0.4667
ST. MICHAEL TECH/VOC INST,ASHANTI,SCHOOL_OVERRIDE,,,6.6885,-1.6244
ALAVANYO SENIOR HIGH/TECH SCHOOL,VOLTA,SCHOOL_OVERRIDE,10.9324723,-0.9735882,7.05,0.4333
ST. DANIEL COMBONI TECH/VOC INST.,VOLTA,SCHOOL_OVERRIDE,,,6.6,0.4667
E. P. SENIOR HIGH SCHOOL,VOLTA,TOWN_LOOKUP:HOHOE,7.156065,0.4744725,7.15,0.4667
NAFANA SENIOR HIGH SCHOOL,BONO,SCHOOL_OVERRIDE,5.8771706,0.3662603,8.15,-2.65
DUADASO NO. 1 SENIOR HIGH/TECH SCHOOL,BONO,SCHOOL_OVERRIDE,5.8771706,0.3662603,7.8,-2.7167
GOKA SENIOR HIGH/TECH SCHOOL,BONO,SCHOOL_OVERRIDE,5.9668857,-0.9929572,7.75,-2.55
SUMAMAN SENIOR HIGH SCHOOL,BONO,SCHOOL_OVERRIDE,5.8771706,0.3662603,7.8,-2.3333
"ST. ANN'S GIRLS SENIOR HIGH SCHOOL, SAMPA",BONO,SCHOOL_OVERRIDE,6.319177,-2.250302,7.8333,-2.7167
BONZO-KAKU SENIOR HIGH SCHOOL,WESTERN,SCHOOL_OVERRIDE,5.9668857,-0.9929572,4.95,-1.75
NKROFUL AGRIC. SENIOR HIGH SCHOOL,WESTERN,SCHOOL_OVERRIDE,9.3815355,-0.8511432,4.75,-2.0667
UTHMAN BIN AFAM SENIOR HIGH SCHOOL,WESTERN,SCHOOL_OVERRIDE,9.4273607,-0.8767444,5.15,-2.1
ESIAMA SENIOR HIGH/TECH SCHOOL,WESTERN,SCHOOL_OVERRIDE,10.6593164,-1.268658,4.9167,-2.3833
"ISLAMIC SENIOR HIGH SCHOOL, AMPABAME",ASHANTI,SCHOOL_OVERRIDE,9.3815355,-0.8511432,6.7333,-1.6167
GOMOA SENIOR HIGH/TECH SCHOOL,CENTRAL,SCHOOL_OVERRIDE,6.6556435,-1.1071968,5.4833,-0.9833
ABURAMAN SENIOR HIGH SCHOOL,CENTRAL,SCHOOL_OVERRIDE,7.142572,-1.6406402,5.5167,-1.0167
ABAKRAMPA SENIOR HIGH/TECH SCHOOL,CENTRAL,SCHOOL_OVERRIDE,10.9324723,-0.9735882,5.1667,-1.3667
MOREE COMM. SENIOR HIGH SCHOOL,CENTRAL,SCHOOL_OVERRIDE,10.9014082,-0.9013563,5.1333,-1.2167
KUROFA METHODIST SENIOR HIGH SCHOOL,ASHANTI,SCHOOL_OVERRIDE,4.9046484,-1.7908342,6.45,-1.95
H'MOUNT SINAI SENIOR HIGH SCHOOL,EASTERN,SCHOOL_OVERRIDE,7.3366184,-2.304839,6.2,-0.4
"METHODIST GIRLS SENIOR HIGH SCHOOL, MAMFE",EASTERN,SCHOOL_OVERRIDE,4.9046484,-1.7908342,6.1,-0.2833
ENYAN DENKYIRA SENIOR HIGH SCHOOL,CENTRAL,SCHOOL_OVERRIDE,5.8771706,0.3662603,5.3,-1.15
TWIFO PRASO SENIOR HIGH SCHOOL,CENTRAL,SCHOOL_OVERRIDE,10.6593164,-1.268658,5.6,-1.55
EGUAFO-ABREM SENIOR HIGH SCHOOL,CENTRAL,SCHOOL_OVERRIDE,9.4273607,-0.8767444,5.0833,-1.4167
KWEGYIR AGGREY SENIOR HIGH SCHOOL,CENTRAL,SCHOOL_OVERRIDE,10.6593164,-1.268658,5.105,-1.2467
DUNKWA SENIOR HIGH/TECH SCHOOL,CENTRAL,SCHOOL_OVERRIDE,10.0272463,-0.9731496,5.9667,-1.7833
MANKESSIM SENIOR HIGH/TECH SCHOOL,CENTRAL,SCHOOL_OVERRIDE,5.5950893,-0.277005,5.2667,-1.0167
MFANTSIMAN GIRLS SENIOR HIGH SCHOOL,CENTRAL,SCHOOL_OVERRIDE,6.319177,-2.250302,5.2,-1.0167
"METHODIST HIGH SCHOOL,SALTPOND",CENTRAL,TOWN_LOOKUP:SALTPOND,4.9046484,-1.7908342,5.2,-1.0667
BOA-AMPONSEM SENIOR HIGH SCHOOL,CENTRAL,SCHOOL_OVERRIDE,6.8901817,-1.2489599,5.7833,-1.0333
CAPE COAST TECH. INST.,CENTRAL,TOWN_LOOKUP:CAPE COAST,5.1289343,-1.2788751,5.105,-1.2467
EFFUTU SENIOR HIGH/TECH SCHOOL,CENTRAL,SCHOOL_OVERRIDE,6.6903393,-1.5480316,5.35,-0.6333
"ACADEMY OF CHRIST THE KING, CAPE COAST",CENTRAL,TOWN_LOOKUP:CAPE COAST,5.1445001,-1.2676726,5.105,-1.2467
APAM SENIOR HIGH SCHOOL,CENTRAL,SCHOOL_OVERRIDE,5.8771706,0.3662603,5.2667,-0.7333
AWUTU WINTON SENIOR HIGH SCHOOL,CENTRAL,SCHOOL_OVERRIDE,5.9926294,0.8187733,5.55,-0.4333
AWUTU BAWJIASE COMM SENIOR HIGH SCHOOL,CENTRAL,SCHOOL_OVERRIDE,7.993766,-0.326021,5.5667,-0.4
GHANA NATIONAL COLLEGE,CENTRAL,SCHOOL_OVERRIDE,5.5849901,-0.1989827,5.105,-1.2467
UNIVERSITY PRACTICE SENIOR HIGH SCHOOL,CENTRAL,TOWN_LOOKUP:CAPE COAST,5.1246544,-1.286098,5.105,-1.2467
"WESLEY GIRLS SENIOR HIGH SCHOOL, CAPE COAST",CENTRAL,TOWN_LOOKUP:CAPE COAST,5.15213,-1.2052919,5.105,-1.2467
OBIRI YEBOAH SENIOR HIGH/TECHNICAL SCHOOL,CENTRAL,SCHOOL_OVERRIDE,6.6556435,-1.1071968,5.45,-0.8833
ODUPONG COMM. DAY SCHOOL,CENTRAL,SCHOOL_OVERRIDE,,,5.5833,-0.3667
WINNEBA SENIOR HIGH SCHOOL,CENTRAL,SCHOOL_OVERRIDE,10.6593164,-1.268658,5.35,-0.6333
"ST. AUGUSTINE'S COLLEGE, CAPE COAST",CENTRAL,TOWN_LOOKUP:CAPE COAST,5.1036984,-1.2634903,5.105,-1.2467
MFANTSIPIM SCHOOL,CENTRAL,SCHOOL_OVERRIDE,5.5322364,-0.2346458,5.105,-1.2467
OGUAA SENIOR HIGH/TECH SCHOOL,CENTRAL,SCHOOL_OVERRIDE,10.0272463,-0.9731496,5.105,-1.2467
ADISADEL COLLEGE,CENTRAL,SCHOOL_OVERRIDE,5.6584618,-0.1687698,5.105,-1.2467
"HOLY CHILD SCHOOL, CAPE COAST",CENTRAL,TOWN_LOOKUP:CAPE COAST,5.15213,-1.2052919,5.105,-1.2467
BUNKPURUGU SENIOR HIGH/TECH SCHOOL,NORTH EAST,SCHOOL_OVERRIDE,10.0272463,-0.9731496,10.55,0.1167
NSAWAM SENIOR HIGH SCHOOL,EASTERN,TOWN_LOOKUP:NSAWAM,5.8771706,0.3662603,5.8,-0.35
BOLGA SHERIGU COMM. SENIOR HIGH SCHOOL,UPPER EAST,SCHOOL_OVERRIDE,7.993766,-0.326021,10.75,-0.8833
BOLGA TECH. INST.,UPPER EAST,SCHOOL_OVERRIDE,,,10.7833,-0.85
BOLGA GIRLS SENIOR HIGH SCHOOL,UPPER EAST,SCHOOL_OVERRIDE,7.190168,0.337969,10.7833,-0.85
ZAMSE SENIOR HIGH/TECH SCHOOL,UPPER EAST,SCHOOL_OVERRIDE,6.6556435,-1.1071968,10.7833,-0.85
NYAKROM SENIOR HIGH TECH SCHOOL,CENTRAL,SCHOOL_OVERRIDE,5.5950893,-0.277005,5.5833,-0.75
AGONA SENIOR HIGH/TECH SCHOOL,ASHANTI,SCHOOL_OVERRIDE,10.0272463,-0.9731496,7.0167,-1.85
ADU GYAMFI SENIOR HIGH SCHOOL,ASHANTI,SCHOOL_OVERRIDE,5.8771706,0.3662603,6.5833,-1.5167
KONADU YIADOM CATHOLIC SENIOR HIGH SCHOOL,ASHANTI,SCHOOL_OVERRIDE,6.399399,-0.138144,6.7667,-1.5167
CHRISTIAN METHODIST SENIOR HIGH SCHOOL,GREATER ACCRA,SCHOOL_OVERRIDE,4.9046484,-1.7908342,5.56,-0.205
ADJEN KOTOKU SENIOR HIGH SCHOOL,GREATER ACCRA,SCHOOL_OVERRIDE,5.9926294,0.8187733,5.5833,0.3833
NGLESHIE AMANFRO SENIOR HIGH SCHOOL,GREATER ACCRA,SCHOOL_OVERRIDE,9.4273607,-0.8767444,5.55,-0.1833
YENDI SENIOR HIGH SCHOOL,NORTHERN,SCHOOL_OVERRIDE,5.9668857,-0.9929572,9.4427,-0.0072
"PRESBY BOYS SENIOR HIGH SCHOOL, LEGON",GREATER ACCRA,SCHOOL_OVERRIDE,6.3325025,-0.4784514,5.6502,-0.1864
LASHIBI COMMUNITY SENIOR HIGH SCHOOL,GREATER ACCRA,SCHOOL_OVERRIDE,7.993766,-0.326021,5.585,-0.135
"PRESBY SENIOR HIGH SCHOOL, TESHIE",GREATER ACCRA,SCHOOL_OVERRIDE,6.3325025,-0.4784514,5.5894,-0.0969
CHEMU SENIOR HIGH/TECH SCHOOL,GREATER ACCRA,SCHOOL_OVERRIDE,6.6556435,-1.1071968,5.6698,0.0166
OUR LADY OF MERCY SENIOR HIGH SCHOOL,GREATER ACCRA,SCHOOL_OVERRIDE,7.3878262,-1.3492738,5.56,-0.205
ACHIMOTA SENIOR HIGH SCHOOL,GREATER ACCRA,SCHOOL_OVERRIDE,5.9668857,-0.9929572,5.6133,-0.2317
TEMA SENIOR HIGH SCHOOL,GREATER ACCRA,SCHOOL_OVERRIDE,9.4226781,-0.8620235,5.6698,0.0166
TEMA TECH. INST.,GREATER ACCRA,TOWN_LOOKUP:TEMA,5.6665286,-0.0047504,5.6698,0.0166
TEMA MANHEAN SENIOR HIGH/TECH SCHOOL,GREATER ACCRA,SCHOOL_OVERRIDE,10.0272463,-0.9731496,5.6731,0.0052
"PRESBY SENIOR HIGH SCHOOL, TEMA",GREATER ACCRA,SCHOOL_OVERRIDE,10.7883629,-0.8172359,5.6698,0.0166
ST. JOHN'S GRAMMAR SENIOR HIGH SCHOOL,GREATER ACCRA,SCHOOL_OVERRIDE,9.4226781,-0.8620235,5.56,-0.205
WEST AFRICA SENIOR HIGH SCHOOL,GREATER ACCRA,SCHOOL_OVERRIDE,9.3815355,-0.8511432,5.56,-0.205
AMASAMAN SENIOR HIGH/TECH SCHOOL,GREATER ACCRA,SCHOOL_OVERRIDE,7.142572,-1.6406402,5.75,-0.2667
ST. MARGARET MARY SENIOR HIGH/TECH SCHOOL,GREATER ACCRA,SCHOOL_OVERRIDE,10.0272463,-0.9731496,5.56,-0.205
KANESHIE SENIOR HIGH/TECH SCHOOL,GREATER ACCRA,SCHOOL_OVERRIDE,5.3379361,-1.9707293,5.5567,-0.2381
EBENEZER SENIOR HIGH SCHOOL,GREATER ACCRA,SCHOOL_OVERRIDE,5.9926294,0.8187733,5.56,-0.205
KINBU SENIOR HIGH/TECH SCHOOL,GREATER ACCRA,SCHOOL_OVERRIDE,6.6903393,-1.5480316,5.56,-0.205
O'REILLY SENIOR HIGH SCHOOL,GREATER ACCRA,SCHOOL_OVERRIDE,5.9668857,-0.9929572,5.56,-0.205
NUNGUA SENIOR HIGH SCHOOL,GREATER ACCRA,SCHOOL_OVERRIDE,10.6593164,-1.268658,5.6019,-0.0681
"FORCES SENIOR HIGH/TECH SCHOOL, BURMA CAMP",GREATER ACCRA,SCHOOL_OVERRIDE,6.6556435,-1.1071968,5.5896,-0.17
"PRESBY SENIOR HIGH SCHOOL, OSU",GREATER ACCRA,SCHOOL_OVERRIDE,6.3325025,-0.4784514,5.555,-0.182
ACCRA ACADEMY,GREATER ACCRA,SCHOOL_OVERRIDE,7.2973844,0.3287773,5.56,-0.205
ACCRA WESLEY GIRLS SENIOR HIGH SCHOOL,GREATER ACCRA,SCHOOL_OVERRIDE,6.319177,-2.250302,5.56,-0.205
ACCRA GIRLS SENIOR HIGH SCHOOL,GREATER ACCRA,SCHOOL_OVERRIDE,7.190168,0.337969,5.56,-0.205
ODORGONNO SENIOR HIGH SCHOOL,GREATER ACCRA,SCHOOL_OVERRIDE,5.9668857,-0.9929572,5.573,-0.2325
KWABENYA COMM. SENIOR HIGH SCHOOL,GREATER ACCRA,SCHOOL_OVERRIDE,7.4635891,-1.9709609,5.725,-0.2083
LA PRESBY SENIOR HIGH SCHOOL,GREATER ACCRA,SCHOOL_OVERRIDE,9.3953646,-0.8216087,5.5697,-0.1534
NYINAHIN CATH. SENIOR HIGH SCHOOL,ASHANTI,SCHOOL_OVERRIDE,9.3815355,-0.8511432,6.9167,-2.3333
AGOGO STATE COLLEGE,ASHANTI,SCHOOL_OVERRIDE,5.1277948,-1.2548315,6.7833,-1.0833
"COLLINS SENIOR HIGH/COMMERCIAL SCHOOL, AGOGO",ASHANTI,SCHOOL_OVERRIDE,,,6.7833,-1.0833
JUASO SENIOR HIGH/TECH SCHOOL,ASHANTI,SCHOOL_OVERRIDE,5.4234565,-0.9611574,6.5667,-1.05
OWERRIMAN SENIOR HIGH SCHOOL,ASHANTI,SCHOOL_OVERRIDE,10.6593164,-1.268658,6.5167,-1.4
KUMASI TECH. INST.,ASHANTI,TOWN_LOOKUP:KUMASI,6.6931817,-1.6041611,6.6885,-1.6244
"ST. LOUIS SENIOR HIGH SCHOOL, KUMASI",ASHANTI,SCHOOL_OVERRIDE,5.6457771,-0.0078533,6.6885,-1.6244
"PENTECOST SENIOR HIGH SCHOOL, KUMASI",ASHANTI,SCHOOL_OVERRIDE,4.9046484,-1.7908342,6.6885,-1.6244
AKWESI AWOBAA SENIOR HIGH SCHOOL,ASHANTI,SCHOOL_OVERRIDE,10.6593164,-1.268658,6.75,-1.7
EJURAMAN ANGLICAN SENIOR HIGH SCHOOL,ASHANTI,TOWN_LOOKUP:EJURA,7.3878262,-1.3492738,7.3833,-1.3667
OBUASI SENIOR HIGH/TECH SCHOOL,ASHANTI,TOWN_LOOKUP:OBUASI,6.6556435,-1.1071968,6.2,-1.6667
DWAMENA AKENTEN SENIOR HIGH SCHOOL,ASHANTI,SCHOOL_OVERRIDE,5.0317548,-1.6628839,6.6,-1.9833
NAMONG SENIOR HIGH/TECH SCHOOL,ASHANTI,SCHOOL_OVERRIDE,10.9324723,-0.9735882,7.1167,-1.7
YAA ASANTEWAA GIRLS SENIOR HIGH SCHOOL,ASHANTI,SCHOOL_OVERRIDE,7.190168,0.337969,6.6885,-1.6244
MANKRANSO SENIOR HIGH SCHOOL,ASHANTI,SCHOOL_OVERRIDE,5.5950893,-0.277005,6.7167,-2.0833
"ST. JEROME SENIOR HIGH SCHOOL, ABOFOUR",ASHANTI,SCHOOL_OVERRIDE,6.11494,-0.277781,6.6,-1.35
"AL-AZARIYA ISLAMIC SENIOR HIGH SCHOOL, KUMASI",ASHANTI,SCHOOL_OVERRIDE,9.3743188,-0.8407925,6.6885,-1.6244
"ADVENTIST SENIOR HIGH SCHOOL, KUMASI",ASHANTI,SCHOOL_OVERRIDE,5.9926294,0.8187733,6.6885,-1.6244
"UTHMANIYA SENIOR HIGH SCHOOL, TAFO",ASHANTI,SCHOOL_OVERRIDE,5.8771706,0.3662603,6.7333,-1.5833
"AGRIC NZEMA SENIOR HIGH SCHOOL, KUMASI",ASHANTI,SCHOOL_OVERRIDE,10.6593164,-1.268658,6.6885,-1.6244
"T. I. AHMADIYYA SENIOR HIGH SCHOOL, KUMASI",ASHANTI,SCHOOL_OVERRIDE,9.4064815,-0.8770518,6.6885,-1.6244
KUMASI ACADEMY,ASHANTI,SCHOOL_OVERRIDE,5.7753866,0.000236,6.6885,-1.6244
AMANIAMPONG SENIOR HIGH SCHOOL,ASHANTI,SCHOOL_OVERRIDE,5.4234565,-0.9611574,6.4833,-1.1167
OSEI ADUTWUM SENIOR HIGH SCHOOL,ASHANTI,SCHOOL_OVERRIDE,9.4273607,-0.8767444,6.6885,-1.6244
ST. GEORGE'S SENIOR HIGH TECH SCHOOL,ASHANTI,SCHOOL_OVERRIDE,6.9331173,-0.2549323,6.6885,-1.6244
"ST. JOSEPH SENIOR HIGH/TECH SCHOOL, AHWIREN",ASHANTI,TOWN_LOOKUP:AHWIREN,9.389042,-0.8285041,7.05,-1.75
TEPA SENIOR HIGH SCHOOL,ASHANTI,TOWN_LOOKUP:TEPA,5.5950893,-0.277005,7.0,-2.5
MAABANG SENIOR HIGH/TECH SCHOOL,ASHANTI,SCHOOL_OVERRIDE,10.9324723,-0.9735882,7.2,-1.9333
BANKA COMM. SENIOR HIGH SCHOOL,ASHANTI,SCHOOL_OVERRIDE,7.993766,-0.326021,7.1833,-2.05
PARKOSO COMM. SENIOR HIGH SCHOOL,ASHANTI,SCHOOL_OVERRIDE,5.5950893,-0.277005,6.65,-1.5667
"OSEI TUTU SENIOR HIGH SCHOOL, AKROPONG",ASHANTI,SCHOOL_OVERRIDE,6.11494,-0.277781,6.65,-1.5833
TWIFO HEMANG SENIOR HIGH/TECH SCHOOL,CENTRAL,SCHOOL_OVERRIDE,10.0272463,-0.9731496,5.4333,-1.4
ACHINAKROM SENIOR HIGH SCHOOL,ASHANTI,SCHOOL_OVERRIDE,5.5950893,-0.277005,6.5833,-1.5
AFUA KOBI AMPEM GIRLS' SENIOR HIGH SCHOOL,ASHANTI,SCHOOL_OVERRIDE,7.190168,0.337969,6.6885,-1.6244
JUABEN SENIOR HIGH SCHOOL,ASHANTI,SCHOOL_OVERRIDE,5.9926294,0.8187733,6.75,-1.3167
"ST. JOSEPH SEM/SENIOR HIGH SCHOOL, MAMPONG",ASHANTI,SCHOOL_OVERRIDE,9.389042,-0.8285041,7.0667,-1.4
SPIRITAN SENIOR HIGH SCHOOL,ASHANTI,SCHOOL_OVERRIDE,5.5950893,-0.277005,6.7,-1.6333
CHURCH OF CHRIST SENIOR HIGH SCHOOL,ASHANTI,SCHOOL_OVERRIDE,5.5380869,-0.6979096,6.7,-1.6
OPOKU AGYEMAN SENIOR HIGH/TECH SCHOOL,ASHANTI,SCHOOL_OVERRIDE,5.5009936,-0.7618399,6.55,-1.7
"CHRIST THE KING CATH., OBUASI",ASHANTI,SCHOOL_OVERRIDE,,,6.2,-1.6667
"ST. MONICA'S SENIOR HIGH SCHOOL, MAMPONG",ASHANTI,TOWN_LOOKUP:MAMPONG,7.5614705,-1.7116618,7.0667,-1.4
EJISUMAN SENIOR HIGH SCHOOL,ASHANTI,SCHOOL_OVERRIDE,5.4234565,-0.9611574,6.7333,-1.4667
EJISU SENIOR HIGH/TECH SCHOOL,ASHANTI,TOWN_LOOKUP:EJISU,6.6556435,-1.1071968,6.6667,-1.4667
SAKAFIA ISLAMIC SENIOR HIGH SCHOOL,ASHANTI,SCHOOL_OVERRIDE,9.3743188,-0.8407925,6.7,-1.6167
ADOBEWORA COMM. SENIOR HIGH SCHOOL,ASHANTI,SCHOOL_OVERRIDE,5.8771706,0.3662603,6.6833,-1.55
ASAWINSO SENIOR HIGH SCHOOL,WESTERN NORTH,SCHOOL_OVERRIDE,5.8771706,0.3662603,6.7833,-2.5833
SEFWI-WIAWSO SENIOR HIGH/TECH SCHOOL,WESTERN NORTH,SCHOOL_OVERRIDE,5.102919,-1.3921394,6.2,-2.5
NKAWIE SENIOR HIGH/TECH SCHOOL,ASHANTI,SCHOOL_OVERRIDE,5.5950893,-0.277005,6.7667,-1.8833
"WESLEY SENIOR HIGH SCHOOL, KONONGO",ASHANTI,TOWN_LOOKUP:KONONGO,6.3325025,-0.4784514,6.6167,-1.2167
"ST. MARY'S GIRL'S SENIOR HIGH, KONONGO",ASHANTI,SCHOOL_OVERRIDE,,,6.6167,-1.2167
NINGO SENIOR HIGH SCHOOL,GREATER ACCRA,SCHOOL_OVERRIDE,10.6593164,-1.268658,5.9,0.3833
BENSO SENIOR HIGH/TECH SCHOOL,WESTERN,SCHOOL_OVERRIDE,6.6556435,-1.1071968,5.3167,-1.95
TARKWA SENIOR HIGH SCHOOL,WESTERN,SCHOOL_OVERRIDE,5.8771706,0.3662603,5.3,-2.0
FIASEMAN SENIOR HIGH SCHOOL,WESTERN,SCHOOL_OVERRIDE,7.142572,-1.6406402,5.35,-2.3
SOME SENIOR HIGH SCHOOL,VOLTA,SCHOOL_OVERRIDE,5.9668857,-0.9929572,6.65,0.55
THREE TOWN SENIOR HIGH SCHOOL,VOLTA,SCHOOL_OVERRIDE,7.2316721,-2.1751937,7.05,0.2333
"ST. STEPHEN'S PRESBY SENIOR HIGH/TECH SCHOOL, ASIAKWA",EASTERN,SCHOOL_OVERRIDE,,,6.3833,-0.4833
POTSIN T.I. AHM. SENIOR HIGH SCHOOL,CENTRAL,SCHOOL_OVERRIDE,9.4273607,-0.8767444,5.3,-0.8167
ST. GREGORY CATHOLIC SENIOR HIGH SCHOOL,CENTRAL,SCHOOL_OVERRIDE,6.399399,-0.138144,5.35,-0.85
FETTEHMAN SENIOR HIGH SCHOOL,CENTRAL,SCHOOL_OVERRIDE,9.4226781,-0.8620235,5.2167,-0.7333
TAKORADI SENIOR HIGH SCHOOL,WESTERN,SCHOOL_OVERRIDE,5.9668857,-0.9929572,4.8972,-1.7606
KALPOHIN SENIOR HIGH SCHOOL,NORTHERN,SCHOOL_OVERRIDE,5.5950893,-0.277005,9.4007,-0.8393
"ISLAMIC SCIENCE SENIOR HIGH SCHOOL, TAMALE",NORTHERN,TOWN_LOOKUP:TAMALE,9.3815355,-0.8511432,9.4007,-0.8393
NORTHERN SCHOOL OF BUSINESS,NORTHERN,SCHOOL_OVERRIDE,5.1208275,-1.2948876,9.4007,-0.8393
SIMMS SENIOR HIGH/COM. SCHOOL,ASHANTI,SCHOOL_OVERRIDE,9.4273607,-0.8767444,6.6885,-1.6244
